empresa,link,tiempo
Scopic,https://ec.jooble.org/desc/-1682462782649289434?ckey=desarrollo+web&rgn=-1&pos=16&elckey=-1065722303003227040&p=1&jobAge=1077&relb=100&brelb=100&bscr=202.90399&scr=202.90398999999996,Hace un mes
Recruiter Independent,https://ec.jooble.org/desc/-8107078637649990501?ckey=desarrollo+web&rgn=-1&pos=2&elckey=-1065722303003227040&p=1&jobAge=765&relb=100&brelb=100&bscr=332.35455&scr=332.35455,Hace un mes
Independent Professional,https://ec.jooble.org/desc/6805740545833351670?ckey=desarrollo+web&rgn=-1&pos=9&elckey=-1065722303003227040&p=1&jobAge=909&relb=100&brelb=100&bscr=293.57925&scr=293.57925,Hace un mes
BrainRocket,https://ec.jooble.org/desc/-3443778746891168187?ckey=desarrollo+web&rgn=-1&pos=5&elckey=-1065722303003227040&p=1&jobAge=813&relb=100&brelb=100&bscr=302.42838&scr=302.42838,Hace un mes
Revolgy,https://ec.jooble.org/desc/-6167743965129874339?ckey=desarrollo+web&rgn=-1&pos=6&elckey=-1065722303003227040&p=1&jobAge=429&relb=100&brelb=100&bscr=297.44397&scr=297.44397,16 dias atras
Quard International,https://ec.jooble.org/desc/-8161557312186958362?ckey=desarrollo+web&rgn=-1&pos=7&elckey=-1065722303003227040&p=1&jobAge=1005&relb=100&brelb=100&bscr=296.81567&scr=296.81567,Hace un mes
Hardboot Inc.,https://ec.jooble.org/desc/5921573039162871358?ckey=desarrollo+web&rgn=-1&pos=8&elckey=-1065722303003227040&p=1&jobAge=1005&relb=100&brelb=100&bscr=296.81567&scr=296.81567,Hace un mes
Project Flux,https://ec.jooble.org/desc/4768098751779457511?ckey=desarrollo+web&rgn=-1&pos=11&elckey=-1065722303003227040&p=1&jobAge=837&relb=100&brelb=100&bscr=249.87637&scr=249.87637000000004,Hace un mes
Ameex Technologies,https://ec.jooble.org/desc/77377378779708348?ckey=desarrollo+web&rgn=-1&pos=14&elckey=-1065722303003227040&p=1&jobAge=981&relb=100&brelb=100&bscr=239.53685&scr=239.53685,Hace un mes
SWIPEBY,https://ec.jooble.org/desc/-5220368991554921962?ckey=desarrollo+web&rgn=-1&pos=13&elckey=-1065722303003227040&p=1&jobAge=93&relb=100&brelb=100&bscr=241.85117&scr=241.85117,3 dias atras
Telus International AI,https://ec.jooble.org/desc/-8879683754097408822?ckey=desarrollo+web&rgn=-1&pos=15&elckey=-1065722303003227040&p=1&jobAge=453&relb=100&brelb=100&bscr=219.10834&scr=219.10834,18 dias atras
